Country Name,Indicator Name,1999,2000,2001,2002,2003,2004,2005,2006,2007,2008,2009,2010,2011,2012,2013,2014,2015,2016
Aruba,GDP,3513783388,3781413852,3669058328,3548946314,3619057427,3905381496,3952806451,3994334897,4066241947,4062553550,3635183170,3501225595,3621879746,3572264955,3722236937,3753809986,3736895853,3729002590
Afghanistan,GDP,,,,22967928744,24996520016,25350000300,28196733046,29707345737,33814778286,35142002863,42659062968,48785945914,48993947132,55241795924,58335747860,59925130607,60794832810,62168987051
Angola,GDP,61924806899,63816377058,66500492955,75588241859,77848216916,86374824504,99356023735,1.10829E+11,1.26357E+11,1.40466E+11,1.41672E+11,1.48556E+11,1.53714E+11,1.66844E+11,1.75111E+11,1.83556E+11,1.85288E+11,1.80507E+11
Albania,GDP,15719741894,16812269636,18206018562,19032564638,20085075127,21191762504,22363648917,23683122979,25099369479,26981814550,27885703692,28919393455,29655509256,30075883808,30377240532,30914917780,31604320502,32663065140
Andorra,GDP,,,,,,,,,,,,,,,,,,
Arab World,GDP,3.17286E+12,3.33961E+12,3.39892E+12,3.41754E+12,3.56915E+12,3.89737E+12,4.11657E+12,4.37004E+12,4.56914E+12,4.83746E+12,4.88238E+12,5.11773E+12,5.27177E+12,5.62013E+12,5.7928E+12,5.92919E+12,6.11876E+12,6.32833E+12
United Arab Emirates,GDP,2.92104E+11,3.23805E+11,3.28336E+11,3.36326E+11,3.65924E+11,4.0093E+11,4.20396E+11,4.61752E+11,4.76455E+11,4.91663E+11,4.65886E+11,4.73353E+11,5.06158E+11,5.28857E+11,5.55582E+11,5.8002E+11,6.09396E+11,6.27608E+11
Argentina,GDP,5.56542E+11,5.52151E+11,5.27808E+11,4.70306E+11,5.11867E+11,5.58086E+11,6.07486E+11,6.56372E+11,7.15495E+11,7.44525E+11,7.0046E+11,7.71384E+11,8.17698E+11,8.09305E+11,8.28771E+11,8.07947E+11,8.30013E+11,8.12746E+11
Armenia,GDP,8477591558,8977769460,9835742702,11132713294,12695834752,14024814656,15969454960,18077104187,20562561750,21981378511,18871015949,19286178300,20192628680,21646497945,22360832377,23165822343,23907128658,23954942915
American Samoa,GDP,,,,,,,,,,,,,,,,,,
Antigua and Barbuda,GDP,1481321381,1580447592,1502151037,1517534579,1609465436,1701791780,1810917564,2041420341,2230444036,2229771930,1959801487,1818695300,1780882314,1843330898,1841416328,1927191847,2004775519,2116837274
Australia,GDP,6.52222E+11,6.77874E+11,6.90963E+11,7.18611E+11,7.40069E+11,7.70082E+11,7.94757E+11,8.16967E+11,8.48373E+11,8.79406E+11,8.9644E+11,9.14974E+11,9.37507E+11,9.74078E+11,9.99558E+11,1.02523E+12,1.04918E+12,1.07905E+12
Austria,GDP,3.01042E+11,3.11205E+11,3.15148E+11,3.20353E+11,3.23369E+11,3.32213E+11,3.39668E+11,3.51401E+11,3.64499E+11,3.69822E+11,3.559E+11,3.62438E+11,3.73031E+11,3.7557E+11,3.75666E+11,3.7815E+11,3.82472E+11,3.90273E+11
Azerbaijan,GDP,33351847340,37053902146,40722238458,44565976479,49115405061,53660447066,68664733400,92330864173,1.15841E+11,1.28111E+11,1.40114E+11,1.46824E+11,1.44514E+11,1.47698E+11,1.56327E+11,1.607E+11,1.62389E+11,1.57413E+11
Burundi,GDP,4619439604,4579857286,4674010317,4881841094,4822100639,5055184481,5100681142,5376822182,5562427529,5832856791,6055248860,6365529700,6622226209,6916697286,7257288966,7565045310,7270008310,7226386806
Belgium,GDP,3.67863E+11,3.8123E+11,3.84324E+11,3.91167E+11,3.94196E+11,4.08524E+11,4.1708E+11,4.27533E+11,4.42278E+11,4.45742E+11,4.35699E+11,4.47655E+11,4.55705E+11,4.56775E+11,4.57692E+11,4.63434E+11,4.71496E+11,4.78345E+11
Benin,GDP,10808506330,11441883948,12051783372,12611524838,13045871410,13623755116,13856936261,14403871440,15266161439,16012661259,16385644372,16731414124,17227124155,18056864841,19355102198,20584505762,21015917559,21849169249
Burkina Faso,GDP,12259965668,12483126699,13308685745,13888013411,14971617310,15642117351,16997015908,18059866271,19081152633,20473026958,21079440959,22212117975,23684085089,25212347753,26672795516,27826883996,28910615366,30626210341
Bangladesh,GDP,2.0519E+11,2.16051E+11,2.27021E+11,2.35722E+11,2.46895E+11,2.59831E+11,2.76813E+11,2.95282E+11,3.16125E+11,3.35136E+11,3.52044E+11,3.71659E+11,3.95684E+11,4.21489E+11,4.46835E+11,4.73918E+11,5.04973E+11,5.40894E+11
Bulgaria,GDP,68887669973,72170698616,74891691136,79338397580,83429258668,88798230410,95123782188,1.01663E+11,1.09129E+11,1.15701E+11,1.11552E+11,1.13029E+11,1.15193E+11,1.15229E+11,1.15798E+11,1.17926E+11,1.22019E+11,1.26823E+11
Bahrain,GDP,28365934589,29869327646,30613382623,31719795667,33630580678,35978313685,38413664047,40898477901,44289961205,47055926124,48251039581,50342436061,51341141015,53257321531,56142006331,58584095087,60260753039,62352357799
"Bahamas, The",GDP,9436091559,9827617929,10085660127,10358433019,10227427765,10317719581,10668042851,10936541393,11094743346,10836905175,10384436165,10544229522,10608854836,10936316964,10891431190,10875313116,10988955736,10803291851
Bosnia and Herzegovina,GDP,22581348228,23823322479,24871548550,26189740690,27237330334,28898798437,31430118375,33132772649,35072890295,36976200162,35865896373,36178701155,36525637927,36225496070,37077169805,37502829808,38661001109,39877144019
Belarus,GDP,71445751799,75589607861,79161448132,83155354932,89012146702,99203808832,1.08529E+11,1.19382E+11,1.29649E+11,1.42873E+11,1.43159E+11,1.54323E+11,1.62623E+11,1.65367E+11,1.67026E+11,1.6991E+11,1.63403E+11,1.59275E+11
Belize,GDP,1521643050,1719754545,1806010293,1898475945,2075564857,2172038923,2228034278,2330113905,2355875321,2431943135,2448256645,2531092716,2585830300,2661797149,2684473920,2783594669,2879126260,2862196317
Bermuda,GDP,2892642283,3162154265,3390538833,3340433777,3454366159,3534551202,3593726911,3792958313,3900901739,3960503379,3751223364,3672668488,3550019929,3378392790,3293556129,,,
Bolivia,GDP,35895859391,36796058464,37415630842,38345620610,39385301031,41028965561,42843034509,44898218803,46947545358,49834113868,51507045698,53632596929,56423688732,59313865042,63344842254,66803829903,70048617523,73035434188
Brazil,GDP,1.90936E+12,1.99315E+12,2.02085E+12,2.08255E+12,2.10631E+12,2.22764E+12,2.29897E+12,2.39005E+12,2.53513E+12,2.66427E+12,2.66092E+12,2.86124E+12,2.97496E+12,3.03211E+12,3.12322E+12,3.13896E+12,3.02766E+12,2.92758E+12
Barbados,GDP,4000830793,4178990169,4079640117,4112337603,4201207692,4260314685,4429670892,4680770813,4763352924,4769221703,4579743966,4591900724,4622083018,4635078173,4635497371,4636335768,4678255622,4772156093
Brunei Darussalam,GDP,26584772069,27342284375,28092567737,29180339200,30027723259,30179158548,30296104963,31628442732,31677334552,31062884657,30514769017,31307837411,32480415591,32776910360,32080063898,31326263640,31148701801,30380725910
Bhutan,GDP,1897626506,2029189412,2195659523,2431206377,2617542155,2771883125,2969312154,3172691209,3741422281,3919826548,4180778174,4671219173,5039821055,5295426154,5408880477,5719645280,6099690786,6589014155
Botswana,GDP,17270245158,17613525105,17657659996,18729397119,19595799325,20126026723,21043098446,22803116069,24690476123,26232504344,24225111738,26299661097,27890347804,29133188338,32437889490,33783831560,33210193717,34639485184
Central African Republic,GDP,3175352746,3096304484,3234546399,3351525134,3170627061,3360702482,3391224736,3553022965,3716729736,3793076233,4118797567,4309531604,4490299877,4717228913,3017261031,3020799285,3158632570,3316762744
Canada,GDP,1.09411E+12,1.15077E+12,1.17136E+12,1.20669E+12,1.22842E+12,1.26635E+12,1.30691E+12,1.34134E+12,1.36914E+12,1.38294E+12,1.34244E+12,1.38392E+12,1.42747E+12,1.45262E+12,1.48647E+12,1.52911E+12,1.53966E+12,1.55671E+12
Central Europe and the Baltics,GDP,1.50025E+12,1.5604E+12,1.60813E+12,1.66657E+12,1.73337E+12,1.83761E+12,1.92863E+12,2.05595E+12,2.18893E+12,2.27981E+12,2.2033E+12,2.23335E+12,2.30576E+12,2.32552E+12,2.35981E+12,2.43244E+12,2.52518E+12,2.60646E+12
Switzerland,GDP,3.5097E+11,3.64787E+11,3.69575E+11,3.70176E+11,3.70322E+11,3.80603E+11,3.9246E+11,4.08114E+11,4.24895E+11,4.3405E+11,4.24405E+11,4.37149E+11,4.44549E+11,4.49021E+11,4.57337E+11,4.68538E+11,4.74786E+11,4.82388E+11
Channel Islands,GDP,,,,,,,,,,,,,,,,,,
Chile,GDP,2.07442E+11,2.18493E+11,2.2571E+11,2.32722E+11,2.42243E+11,2.59708E+11,2.74622E+11,2.91971E+11,3.06293E+11,3.17104E+11,3.12143E+11,3.30386E+11,3.50575E+11,3.69221E+11,3.84156E+11,3.90943E+11,3.99949E+11,4.06631E+11
China,GDP,4.29445E+12,4.65912E+12,5.04769E+12,5.50857E+12,6.06139E+12,6.67427E+12,7.43486E+12,8.38053E+12,9.5732E+12,1.04974E+13,1.14842E+13,1.27056E+13,1.39191E+13,1.50131E+13,1.61794E+13,1.73605E+13,1.85593E+13,1.98095E+13
Cote d'Ivoire,GDP,50224255409,49185416882,49245114164,48423881889,47765541810,48353904781,49186195094,49931780276,50813094565,52105191009,53799367179,54884843974,52476906029,58095348126,63259688377,68822794330,74908697646,80880232639
Cameroon,GDP,38405910798,39770616586,41507830622,43266601948,45242672140,48310557796,49286751028,50990923637,53490601579,55356782178,56573891876,58510137648,60926183399,63694221375,67136426340,71086773495,75104216726,78595422384
"Congo, Dem. Rep.",GDP,28986015210,26982812767,26416127011,27194812406,28711690720,30646391804,32526594264,34257327699,36401657509,38667986217,39771981975,42598965138,45527503793,48753991980,52889284438,57898052047,61902390065,63387663074
"Congo, Rep.",GDP,13433977803,14451733327,15001275213,15688614151,15816204014,16366075164,17635388508,18735130808,18438699307,19466146637,20920061934,22750902379,23529134689,24423235057,25263566588,26976415221,27690342240,26915007455
Colombia,GDP,3.23941E+11,3.33416E+11,3.3901E+11,3.47499E+11,3.61115E+11,3.80373E+11,3.98276E+11,4.25276E+11,4.54402E+11,4.69202E+11,4.74858E+11,4.95503E+11,5.31984E+11,5.52748E+11,5.77991E+11,6.0532E+11,6.23213E+11,6.36222E+11
Comoros,GDP,1168652225,1295426200,1325647290,1356467858,1385006201,1411593608,1451648253,1490072736,1501993949,1562073286,1612061398,1673318658,1741922162,1797668425,1878561243,1918011150,1939108594,1981540119
Cabo Verde,GDP,1460063606,1668631777,1705869873,1795443245,1870425611,2061154268,2203630691,2379563066,2740559154,2922820603,2885688331,2928015322,3044224922,3077160948,3101864322,3120823310,3152245747,3300583860
Costa Rica,GDP,37345156957,38776659063,40130146530,41451131897,43215075215,45089129281,46834472359,50224226301,54326488948,56852452418,56300671900,59088604516,61633610782,64590125734,66055693385,68377774648,70861071789,73869825724
Caribbean small states,GDP,71931457965,74693367022,76374729743,79411467998,84728989967,88459512197,91805837238,98584657650,1.01996E+11,1.03608E+11,99993942914,1.016E+11,1.02751E+11,1.04058E+11,1.05538E+11,1.05878E+11,1.07162E+11,1.04615E+11
Cuba,GDP,,,,,,,,,,,,,,,,,,
Curacao,GDP,,3914771126,3887533964,3902970050,3914217845,3922377478,3948909450,4013511035,4112643169,4202629710,4180300721,4183741326,4209371340,4203523757,4170143282,4122652108,4134141759,4093355532
Cayman Islands,GDP,3270989887,3303699714,3323521933,3380021849,3447622308,3478650911,3704763151,3875182328,3997739827,3983451850,3696624085,3596237200,3638279468,3683021343,3730139362,3829157005,3937641711,4059562219
Cyprus,GDP,19234693003,20382103558,21187713329,21976518004,22553021701,23686615056,24836124426,26006855149,27332694137,28329456408,27758549551,28129238193,28242719959,27429866361,25839124842,25500253654,26000646154,27251846031
Czech Republic,GDP,2.08451E+11,2.17345E+11,2.23667E+11,2.27363E+11,2.35555E+11,2.47112E+11,2.63257E+11,2.813E+11,2.9706E+11,3.05028E+11,2.90379E+11,2.9698E+11,3.0226E+11,2.99843E+11,2.98392E+11,3.06494E+11,3.22767E+11,3.30676E+11
Germany,GDP,2.93552E+12,3.02247E+12,3.07372E+12,3.07372E+12,3.05189E+12,3.0876E+12,3.10942E+12,3.22448E+12,3.32961E+12,3.36565E+12,3.17654E+12,3.30614E+12,3.42714E+12,3.444E+12,3.46086E+12,3.53624E+12,3.59774E+12,3.67841E+12
Djibouti,GDP,,,,,,,,,,,,,2342710799,,,,,
Dominica,GDP,560122019.2,573226115.3,572866116.3,556660429.8,592027246.7,610088190.5,614091791.2,642700850.8,683536516.6,732209387.8,723644316.1,728511137.4,726881593.1,719185494.8,714815060.1,746187550.4,727156014.4,745495259.1
Denmark,GDP,2.17903E+11,2.26067E+11,2.27928E+11,2.28991E+11,2.29884E+11,2.36018E+11,2.41533E+11,2.50984E+11,2.53266E+11,2.51969E+11,2.39606E+11,2.44089E+11,2.47352E+11,2.47913E+11,2.50226E+11,2.54279E+11,2.60235E+11,2.6648E+11
Dominican Republic,GDP,67089201630,70216740725,71943732956,75177678145,74166007480,76072173462,83244438227,90881578845,97621312850,1.00754E+11,1.01708E+11,1.1019E+11,1.13643E+11,1.16731E+11,1.22421E+11,1.3177E+11,1.41037E+11,1.50363E+11
Algeria,GDP,3.06701E+11,3.18416E+11,3.27996E+11,3.46394E+11,3.71341E+11,3.87315E+11,4.10196E+11,4.17106E+11,4.31174E+11,4.41351E+11,4.48555E+11,4.64856E+11,4.78299E+11,4.9444E+11,5.08125E+11,5.27378E+11,5.47226E+11,5.65284E+11
East Asia & Pacific (excluding high income),GDP,7.00661E+12,7.52177E+12,8.00972E+12,8.62309E+12,9.35751E+12,1.01759E+13,1.11364E+13,1.22985E+13,1.37465E+13,1.48762E+13,1.59784E+13,1.75118E+13,1.89573E+13,2.03678E+13,2.18133E+13,2.32635E+13,2.476E+13,2.632E+13
Early-demographic dividend,GDP,1.25391E+13,1.31019E+13,1.33154E+13,1.36181E+13,1.43688E+13,1.53152E+13,1.62694E+13,1.72827E+13,1.83357E+13,1.89958E+13,1.93589E+13,2.0602E+13,2.15832E+13,2.25186E+13,2.35383E+13,2.46198E+13,2.58495E+13,2.72457E+13
East Asia & Pacific,GDP,1.38747E+13,1.46874E+13,1.52467E+13,1.60225E+13,1.69286E+13,1.80267E+13,1.92157E+13,2.06237E+13,2.23568E+13,2.35229E+13,2.43792E+13,2.63781E+13,2.7987E+13,2.95915E+13,3.12655E+13,3.28854E+13,3.45311E+13,3.62445E+13
Europe & Central Asia (excluding high income),GDP,3.72741E+12,4.0279E+12,4.15967E+12,4.38509E+12,4.68057E+12,5.07202E+12,5.43178E+12,5.88566E+12,6.3516E+12,6.64794E+12,6.25334E+12,6.56024E+12,6.93495E+12,7.18504E+12,7.45416E+12,7.60276E+12,7.63382E+12,7.75928E+12
Europe & Central Asia,GDP,1.83132E+13,1.91761E+13,1.96467E+13,2.00831E+13,2.05889E+13,2.13991E+13,2.21199E+13,2.31454E+13,2.41683E+13,2.45684E+13,2.34261E+13,2.40962E+13,2.47715E+13,2.49592E+13,2.52769E+13,2.57503E+13,2.62053E+13,2.66998E+13
Ecuador,GDP,92287618677,93295213869,97041589633,1.01017E+11,1.03768E+11,1.12288E+11,1.1823E+11,1.23436E+11,1.26139E+11,1.34158E+11,1.34918E+11,1.39674E+11,1.50664E+11,1.59165E+11,1.67038E+11,1.73366E+11,1.73538E+11,1.7141E+11
"Egypt, Arab Rep.",GDP,4.8561E+11,5.16544E+11,5.34805E+11,5.47588E+11,5.65075E+11,5.88198E+11,6.14501E+11,6.56556E+11,7.03092E+11,7.53407E+11,7.88618E+11,8.2921E+11,8.43842E+11,8.62628E+11,8.81481E+11,9.07184E+11,9.46846E+11,9.88002E+11
Euro area,GDP,1.05434E+13,1.09513E+13,1.11935E+13,1.13136E+13,1.1402E+13,1.16705E+13,1.18754E+13,1.22666E+13,1.26506E+13,1.27112E+13,1.21299E+13,1.23767E+13,1.25641E+13,1.245E+13,1.24157E+13,1.25897E+13,1.28554E+13,1.3102E+13
Eritrea,GDP,5881817992,5697012107,6195810310,6382021003,6212545425,6302735154,6464995890,6402336055,6493685998,5858406747,6085507975,6219035616,6758835465,,,,,
Spain,GDP,1.15463E+12,1.2157E+12,1.26434E+12,1.30076E+12,1.34222E+12,1.38472E+12,1.43628E+12,1.49623E+12,1.55262E+12,1.56997E+12,1.51387E+12,1.51408E+12,1.49896E+12,1.45507E+12,1.43025E+12,1.44999E+12,1.50284E+12,1.55052E+12
Estonia,GDP,19840169811,21936893827,23325216331,24742548540,26577496361,28250482310,30898601006,34072469486,36712469967,34722853851,29610120602,30279035699,32579424941,33982705150,34640794999,35641416479,36318705537,37585900442
Ethiopia,GDP,38780936526,41136187142,44551028045,45225853919,44248360529,50254014898,56193419297,62281822907,69416932550,76905993371,83675684350,94177433201,1.04705E+11,1.1376E+11,1.25798E+11,1.38702E+11,1.53116E+11,1.6756E+11
European Union,GDP,1.42488E+13,1.47972E+13,1.51396E+13,1.53642E+13,1.55812E+13,1.60099E+13,1.63702E+13,1.69484E+13,1.75087E+13,1.7641E+13,1.68853E+13,1.72206E+13,1.75193E+13,1.74516E+13,1.75016E+13,1.78242E+13,1.82549E+13,1.86359E+13
Fragile and conflict affected situations,GDP,1.01735E+12,1.04127E+12,1.07387E+12,1.06821E+12,1.00959E+12,1.1654E+12,1.24598E+12,1.33665E+12,1.41055E+12,1.4925E+12,1.56379E+12,1.66838E+12,1.58309E+12,1.77886E+12,1.85424E+12,1.87526E+12,1.91282E+12,2.01776E+12
Finland,GDP,1.70951E+11,1.80583E+11,1.85244E+11,1.88357E+11,1.92112E+11,1.99655E+11,2.05205E+11,2.13527E+11,2.24597E+11,2.26216E+11,2.0751E+11,2.1372E+11,2.19214E+11,2.16088E+11,2.14449E+11,2.13095E+11,2.14162E+11,2.20098E+11
Fiji,GDP,5507607753,5413978502,5522258043,5698970329,5755959945,6061025839,6103453043,6216518479,6163637444,6227295135,6140982491,6322428385,6493459112,6585102188,6896855440,7283321736,7623001866,7824652340
France,GDP,2.03416E+12,2.11398E+12,2.15591E+12,2.18039E+12,2.19834E+12,2.26055E+12,2.29815E+12,2.35444E+12,2.41152E+12,2.41767E+12,2.34821E+12,2.39398E+12,2.44648E+12,2.45414E+12,2.46828E+12,2.49188E+12,2.51961E+12,2.54722E+12
Faroe Islands,GDP,,,,,,,,,,,,,,,,,,
"Micronesia, Fed. Sts.",GDP,320469132.4,335092810.3,340947529.6,342992872.2,349670355.9,338723018.4,345689711.1,345237839.6,338462871.4,330956698.1,334852696.3,341690020.8,353126615.3,346101234.4,332746831.4,325572613.6,341628228.9,344019634.8
Gabon,GDP,22312574852,21892436565,22359891188,22304207642,22805456794,22962710239,23577239055,22915525367,24292314886,23488620495,23519233477,25186720628,26972900730,28389268494,29990053893,31284114055,32497593366,33177261750
United Kingdom,GDP,1.88721E+12,1.95239E+12,2.00785E+12,2.05804E+12,2.12676E+12,2.1767E+12,2.24524E+12,2.30245E+12,2.36105E+12,2.35289E+12,2.25297E+12,2.29152E+12,2.32921E+12,2.36292E+12,2.41127E+12,2.48235E+12,2.54066E+12,2.58612E+12
Georgia,GDP,14121299591,14380897339,15071964460,15896979303,17654982239,18677999553,20469140120,22397286244,25214630300,25824464341,24881738656,26436719875,28345876392,30146065698,31167043859,32608087433,33547372047,34502332647
Ghana,GDP,41257337645,42783859154,44495213563,46497497985,48915367915,51654628513,54702253618,58203149986,60733135664,66290095488,69501510545,74991929637,85526138706,93473902662,1.00309E+11,1.03216E+11,1.05464E+11,1.091E+11
Gibraltar,GDP,,,,,,,,,,,,,,,,,,
Guinea,GDP,12208136312,12513713357,12971508348,13641436096,13811763239,14134974702,14558638420,14730450801,15736168562,16387113453,16203964748,16985111775,17938333959,18999729346,19747327661,20479450279,21260731045,23563014542
"Gambia, The",GDP,1809334474,1908847871,2019561056,1953925316,2088159976,2235375254,2214325263,2239216490,2320523013,2453596699,2611846225,2782303075,2662799770,2811910202,2946570385,2918865684,3090151947,3102685498
Guinea-Bissau,GDP,1607695624,1694945062,1732045830,1714982104,1724731952,1772358734,1847969311,1890645538,1952336460,2014880872,2082761704,2178797241,2354948198,2314615401,2389977062,2413029843,2561047095,2721440497
Equatorial Guinea,GDP,5608672805,6630224129,10832451922,12940754061,14746668683,20350215037,23758611626,25589193076,29499762713,34750457672,35217280131,32074428109,34166939303,37007193181,35477612427,35624868041,32379427903,29524722442
Greece,GDP,2.58282E+11,2.68406E+11,2.79496E+11,2.9046E+11,3.07291E+11,3.22843E+11,3.24777E+11,3.43135E+11,3.54368E+11,3.53181E+11,3.37991E+11,3.19473E+11,2.90297E+11,2.69104E+11,2.60381E+11,2.62307E+11,2.61159E+11,2.6066E+11
Grenada,GDP,935079120.8,980785340.7,960935225.8,993965678.4,1088034326,1080989844,1224470317,1175581134,1247567268,1259388500,1176101595,1170088626,1179039533,1165419931,1192823834,1280425729,1362925400,1413839033
Greenland,GDP,,,,,,,,,,,,,,,,,,
Guatemala,GDP,68264735444,70728320146,72378112192,75176701911,77079266326,79508867878,82100945260,86517792840,91971923396,94989595633,95489281735,98229334982,1.02318E+11,1.05356E+11,1.09252E+11,1.13812E+11,1.18524E+11,1.2219E+11
Guam,GDP,,,,,,,,,,,,,,,,,,
Guyana,GDP,3495082345,3447416276,3526000877,3565937314,3543392551,3598788253,3528577421,3709579658,3969978814,4048451283,4192258680,4365752921,4592610458,4834930646,5076704495,5272001454,5438723639,5619078875
High income,GDP,3.7001E+13,3.8554E+13,3.91303E+13,3.97657E+13,4.07189E+13,4.21637E+13,4.34268E+13,4.48537E+13,4.61194E+13,4.64056E+13,4.49373E+13,4.63345E+13,4.73281E+13,4.80071E+13,4.87342E+13,4.9788E+13,5.09855E+13,5.18812E+13
"Hong Kong SAR, China",GDP,2.10584E+11,2.26722E+11,2.27993E+11,2.3177E+11,2.38854E+11,2.59634E+11,2.78817E+11,2.98425E+11,3.17717E+11,3.24478E+11,3.16499E+11,3.37918E+11,3.54188E+11,3.6021E+11,3.71382E+11,3.81641E+11,3.90754E+11,3.99258E+11
Honduras,GDP,20240361935,21716145048,22307517649,23145017230,24197429971,25705487115,27260823119,29051107767,30848885361,32154286828,31372414225,32542963029,33791210423,35186343988,36168591807,37274656483,38706033101,40212848208
Heavily indebted poor countries (HIPC),GDP,6.70149E+11,6.89424E+11,7.20169E+11,7.44746E+11,7.78504E+11,8.22256E+11,8.73209E+11,9.27859E+11,9.90069E+11,1.05073E+12,1.0973E+12,1.16329E+12,1.21831E+12,1.28893E+12,1.36516E+12,1.44194E+12,1.51355E+12,1.5868E+12
Croatia,GDP,67133155862,69665825031,72070972968,75857123159,80090850925,83226052729,86646281454,90864064271,95665005664,97613185815,90495787816,89162860610,88859537138,86815196543,86388283863,86312682584,88384697833,91510095257
Haiti,GDP,14742149026,14870414459,14715111646,14678108381,14731507378,14212532836,14469070662,14794512101,15289133867,15418165683,15893545947,15019751780,15849403538,16306673947,16997107198,17474751107,17686408569,17943340204
Hungary,GDP,1.75986E+11,1.83394E+11,1.90437E+11,1.99061E+11,2.06722E+11,2.17068E+11,2.26593E+11,2.3532E+11,2.36314E+11,2.38326E+11,2.22594E+11,2.24052E+11,2.27766E+11,2.24051E+11,2.28741E+11,2.38405E+11,2.46836E+11,2.52466E+11
IBRD only,GDP,2.23374E+13,2.36085E+13,2.44638E+13,2.55418E+13,2.70199E+13,2.91134E+13,3.11653E+13,3.36837E+13,3.65744E+13,3.85937E+13,3.95838E+13,4.25163E+13,4.50278E+13,4.73553E+13,4.97678E+13,5.2066E+13,5.42916E+13,5.69337E+13
IDA & IBRD total,GDP,2.45177E+13,2.58811E+13,2.68364E+13,2.80438E+13,2.96524E+13,3.19292E+13,3.41725E+13,3.68867E+13,3.99879E+13,4.21845E+13,4.33548E+13,4.65122E+13,4.92024E+13,5.17281E+13,5.43996E+13,5.69573E+13,5.93915E+13,6.22149E+13
IDA total,GDP,2.2104E+12,2.30211E+12,2.4043E+12,2.5368E+12,2.66847E+12,2.85351E+12,3.04703E+12,3.24357E+12,3.45407E+12,3.6329E+12,3.81813E+12,4.04421E+12,4.22218E+12,4.42199E+12,4.68522E+12,4.94929E+12,5.16037E+12,5.34217E+12
IDA blend,GDP,1.08663E+12,1.12855E+12,1.16955E+12,1.25014E+12,1.31234E+12,1.41345E+12,1.50768E+12,1.59923E+12,1.69141E+12,1.75878E+12,1.84945E+12,1.95048E+12,2.04265E+12,2.13353E+12,2.25451E+12,2.38052E+12,2.47755E+12,2.5348E+12
Indonesia,GDP,1.17057E+12,1.22816E+12,1.27291E+12,1.33019E+12,1.39377E+12,1.46389E+12,1.54723E+12,1.63234E+12,1.73591E+12,1.8403E+12,1.92549E+12,2.04533E+12,2.17152E+12,2.30246E+12,2.43042E+12,2.5521E+12,2.67655E+12,2.81126E+12
IDA only,GDP,1.11363E+12,1.16345E+12,1.22543E+12,1.27463E+12,1.34379E+12,1.42573E+12,1.52424E+12,1.62888E+12,1.74751E+12,1.86046E+12,1.95423E+12,2.07919E+12,2.16409E+12,2.27282E+12,2.41472E+12,2.55197E+12,2.66572E+12,2.79248E+12
Isle of Man,GDP,,,,,,,,,,,,,,,,,,
India,GDP,2.75768E+12,2.8636E+12,3.00174E+12,3.11592E+12,3.36085E+12,3.62712E+12,3.91452E+12,4.23006E+12,4.55411E+12,4.69468E+12,5.06378E+12,5.49407E+12,5.78204E+12,6.09753E+12,6.48692E+12,6.96762E+12,7.52476E+12,8.1395E+12
Not classified,GDP,,,,,,,,,,,,,,,,,,
Ireland,GDP,1.41312E+11,1.5466E+11,1.62824E+11,1.72463E+11,1.77671E+11,1.89613E+11,2.00421E+11,2.10584E+11,2.21796E+11,2.11859E+11,2.01098E+11,2.04738E+11,2.05441E+11,2.05905E+11,2.08688E+11,2.26545E+11,2.83549E+11,2.93978E+11
"Iran, Islamic Rep.",GDP,8.20602E+11,8.68673E+11,8.75437E+11,9.39042E+11,1.02106E+12,1.06573E+12,1.09972E+12,1.15471E+12,1.24888E+12,1.25202E+12,1.26463E+12,1.33795E+12,1.37335E+12,1.27111E+12,1.26864E+12,1.32705E+12,1.30952E+12,1.48495E+12
Iraq,GDP,2.82972E+11,2.86952E+11,2.93567E+11,2.7331E+11,1.82842E+11,2.81865E+11,2.94269E+11,3.24162E+11,3.28627E+11,3.55667E+11,3.67686E+11,3.91228E+11,4.20752E+11,4.79389E+11,5.15823E+11,5.19434E+11,5.32303E+11,6.04549E+11
Iceland,GDP,9369906569,9828244311,10211428955,10280986431,10514173316,11359744720,12078817051,12712812429,13903408390,14180361617,13219328015,12765128021,13005319158,13173924809,13718515245,14003899762,14629574469,15705064022
Israel,GDP,1.56403E+11,1.68476E+11,1.68576E+11,1.68597E+11,1.70175E+11,1.77398E+11,1.84401E+11,1.94733E+11,2.05961E+11,2.11884E+11,2.14351E+11,2.26156E+11,2.37392E+11,2.42416E+11,2.52463E+11,2.62304E+11,2.69038E+11,2.79821E+11
Italy,GDP,2.006E+12,2.08043E+12,2.1173E+12,2.12256E+12,2.12577E+12,2.1594E+12,2.17991E+12,2.22365E+12,2.25642E+12,2.23272E+12,2.11032E+12,2.14591E+12,2.15829E+12,2.09744E+12,2.0612E+12,2.06354E+12,2.08261E+12,2.10591E+12
Jamaica,GDP,20895237674,21078844869,21362340485,21789008577,22587862832,22886864041,23091426360,23760875755,24101120574,23905482933,22868785763,22535393532,22924301243,22783335464,22898121884,23055687880,23264306347,23585506943
Jordan,GDP,35480390915,36986621295,38935304553,41187509724,42901342722,46576828553,50371248684,54447960650,58899472926,63159323401,66618294938,68158105193,69921208378,71774938867,73805284511,76090539880,77910394256,79471511037
Japan,GDP,4.18021E+12,4.29641E+12,4.31387E+12,4.31896E+12,4.38496E+12,4.48163E+12,4.55615E+12,4.62085E+12,4.69728E+12,4.64592E+12,4.39427E+12,4.57847E+12,4.57319E+12,4.64156E+12,4.7344E+12,4.75214E+12,4.81026E+12,4.83956E+12
Kazakhstan,GDP,1.34896E+11,1.48115E+11,1.68111E+11,1.84586E+11,2.01752E+11,2.2112E+11,2.42569E+11,2.68524E+11,2.92423E+11,3.02073E+11,3.05698E+11,3.28013E+11,3.52286E+11,3.69196E+11,3.91348E+11,4.07785E+11,4.12678E+11,4.17217E+11
Kenya,GDP,66655380645,67055109891,69589730346,69970288418,72022150016,75698376458,80169626784,85358601307,91206288418,91418144889,94441287921,1.0238E+11,1.08633E+11,1.13591E+11,1.20268E+11,1.26711E+11,1.33957E+11,1.41832E+11
Kyrgyz Republic,GDP,9638696099,10161756700,10702523148,10700665921,11452954424,12257737465,12236219224,12615896710,13693656983,14844145454,15272591237,15200570760,16105958461,16073746544,17825784918,18538816315,19261830151,20090088847
Cambodia,GDP,15202034705,16830475873,18083775263,19273495897,20912879329,23075381634,26132889756,28947685177,31903988922,34038869058,34068379722,36099903974,38652011936,41478767114,44530221118,47710823823,51067798981,54658358961
Kiribati,GDP,158023535.6,167900006.6,165430888.9,171696522.1,175141311.7,172287628.9,180818677.6,180729542.4,184407293.3,180550531.4,181999903.5,180318434.3,183193721.9,191828226.7,199913352.7,198518301.2,219174940.3,230418067.9
St. Kitts and Nevis,GDP,877818091.1,969174317.6,1022646148,1047902412,1011809987,1052868262,1154946317,1188644213,1188036107,1265114155,1222499044,1204576587,1226065008,1218026036,1284603022,1362393155,1391639057,1423890410
"Korea, Rep.",GDP,8.95793E+11,9.75737E+11,1.01989E+12,1.09569E+12,1.12783E+12,1.1831E+12,1.22952E+12,1.29316E+12,1.36381E+12,1.40239E+12,1.41232E+12,1.50407E+12,1.55945E+12,1.5952E+12,1.6414E+12,1.69624E+12,1.74357E+12,1.79465E+12
Kuwait,GDP,1.36959E+11,1.43388E+11,1.44434E+11,1.48767E+11,1.74533E+11,1.93316E+11,2.12795E+11,2.28798E+11,2.42506E+11,2.4852E+11,2.30935E+11,2.25468E+11,2.47177E+11,2.63556E+11,2.66585E+11,2.6792E+11,2.69509E+11,2.77395E+11
Latin America & Caribbean (excluding high income),GDP,5.35488E+12,5.54972E+12,5.57619E+12,5.5798E+12,5.67668E+12,6.01842E+12,6.27359E+12,6.60853E+12,6.97466E+12,7.24628E+12,7.09175E+12,7.52426E+12,7.86436E+12,8.07887E+12,8.30389E+12,8.4049E+12,8.44231E+12,8.43913E+12
Lao PDR,GDP,12517586819,13243454431,14005140175,14834068524,15734051803,16734374903,17923782041,19468680530,20947682859,22586818674,24281230971,26351668594,28469987708,30755016946,33223506940,35752468142,38351526626,41044989576
Lebanon,GDP,40258854289,40799076429,42365626032,43815864887,45229845904,48076510840,49397842805,50238314494,54931040048,60011525284,66045370511,71353601626,72008412770,73967150738,75904469413,77334726447,77655689354,78902470550
Liberia,GDP,,3753898421,3863522502,4008907560,2800417061,2873783722,3025554335,3268927089,3580628436,3836489008,4039843619,4286267115,4637773844,5008508938,5444450961,5482624398,5482624398,5394925211
Libya,GDP,1.1324E+11,1.17406E+11,1.15337E+11,1.14231E+11,1.29099E+11,1.34859E+11,1.50868E+11,1.60675E+11,1.70881E+11,1.75439E+11,1.74053E+11,1.82793E+11,69322560014,1.54686E+11,1.33649E+11,1.01573E+11,92571605611,89983795176
St. Lucia,GDP,1670738071,1671552530,1614584946,1621308892,1690451410,1813303426,1805863370,1917741232,1957396658,2054817537,2024939744,2031091879,2115166407,2108530542,2066448455,2066545677,2072177022,2152790508
Latin America & Caribbean,GDP,5.80906E+12,6.02176E+12,6.06266E+12,6.07431E+12,6.18669E+12,6.56518E+12,6.84166E+12,7.20341E+12,7.59352E+12,7.8834E+12,7.72049E+12,8.17972E+12,8.54915E+12,8.79206E+12,9.04077E+12,9.15304E+12,9.20489E+12,9.21006E+12
Least developed countries: UN classification,GDP,9.27743E+11,9.71431E+11,1.02512E+12,1.07642E+12,1.13624E+12,1.21396E+12,1.31241E+12,1.41352E+12,1.52917E+12,1.63641E+12,1.71866E+12,1.82981E+12,1.89998E+12,1.99509E+12,2.11414E+12,2.23248E+12,2.32623E+12,2.4218E+12
Low income,GDP,5.69129E+11,5.87531E+11,6.17416E+11,6.3877E+11,6.67835E+11,7.08833E+11,7.55859E+11,7.98289E+11,8.49651E+11,9.008E+11,9.48895E+11,1.0157E+12,1.04711E+12,1.0841E+12,1.15107E+12,1.21646E+12,1.24689E+12,1.28454E+12
Liechtenstein,GDP,,,,,,,,,,,,,,,,,,
Sri Lanka,GDP,98196013154,1.04088E+11,1.02479E+11,1.06542E+11,1.12871E+11,1.19017E+11,1.26446E+11,1.36142E+11,1.45395E+11,1.54046E+11,1.59498E+11,1.72283E+11,1.86763E+11,2.03842E+11,2.10764E+11,2.21219E+11,2.32297E+11,2.4272E+11
Lower middle income,GDP,7.12759E+12,7.44239E+12,7.77452E+12,8.12165E+12,8.6257E+12,9.23166E+12,9.85027E+12,1.05444E+13,1.12878E+13,1.17932E+13,1.24007E+13,1.32502E+13,1.39059E+13,1.46204E+13,1.54458E+13,1.63363E+13,1.72907E+13,1.83165E+13
Low & middle income,GDP,2.37109E+13,2.50388E+13,2.59809E+13,2.717E+13,2.87463E+13,3.09747E+13,3.31796E+13,3.5832E+13,3.8868E+13,4.102E+13,4.21857E+13,4.53028E+13,4.79348E+13,5.04322E+13,5.30795E+13,5.56053E+13,5.79978E+13,6.0792E+13
Lesotho,GDP,3204229835,3328411262,3446955365,3471905668,3630216817,3691653670,3819610908,3981184073,4173593255,4454873975,4550845696,4827174791,5160314265,5469833618,5570684458,5744585159,5903518281,6091190326
Late-demographic dividend,GDP,1.23607E+13,1.32323E+13,1.39039E+13,1.47215E+13,1.5734E+13,1.70058E+13,1.82982E+13,1.99861E+13,2.19896E+13,2.34891E+13,2.41897E+13,2.6071E+13,2.78741E+13,2.94735E+13,3.10719E+13,3.25716E+13,3.39138E+13,3.53344E+13
Lithuania,GDP,41084928893,42659166613,45442434451,48514683626,53627434984,57140076501,61555523296,66114598877,73444694298,75374878122,64208720578,65261627794,69205473269,71853934903,74367802924,76998627778,78554483607,80403013031
Luxembourg,GDP,32928060832,35641266896,36543694836,37939470223,38557613098,39950382217,41217785215,43352242437,46974128599,46373054427,44351835228,46509538068,47690524462,47522406130,49259050866,51375607077,53387456721,54674858288
Latvia,GDP,25100555974,26457707514,28167222064,30167948271,32711314837,35437981794,39228795841,43892858553,48273045125,46560489227,39854991076,38284437277,40727375359,42370573601,43400115496,44206595387,45520284476,46459996715
"Macao SAR, China",GDP,17089522297,18071676852,18593554840,20257123503,22617960795,28669268188,30980064647,35104717417,40176512676,41540001495,42088799139,52722063148,64148218365,70073845648,77922163925,76986251722,60361465077,59843550719
St. Martin (French part),GDP,,,,,,,,,,,,,,,,,,
Morocco,GDP,1.2831E+11,1.30765E+11,1.40337E+11,1.44717E+11,1.53344E+11,1.607E+11,1.65989E+11,1.78563E+11,1.84869E+11,1.95819E+11,2.04129E+11,2.11918E+11,2.23035E+11,2.29748E+11,2.40168E+11,2.46579E+11,2.57765E+11,2.60667E+11
Monaco,GDP,,,,,,,,,,,,,,,,,,
Moldova,GDP,10015350823,10226445980,10850259213,11696579409,12468553639,13391226588,14395568595,15086555868,15539152574,16751206491,15746134058,16864109591,17845291549,17740051774,19344438201,20311587682,20242886723,21135372672
Madagascar,GDP,21733216613,22767731872,24137853997,21078673520,23141198987,24357732652,25478894720,26758599470,28428490862,30455019682,29232597652,29309511790,29735787033,30636040392,31326945613,32365701444,33374415657,34769462973
Maldives,GDP,2637425029,2738855395,2630844953,2822064927,3210100260,3403789815,2956904431,3728996340,4016646168,4397638419,4079740109,4376138494,4751030618,4870632299,5225266640,5608258118,5770032110,6190620502
Middle East & North Africa,GDP,4.07426E+12,4.29721E+12,4.35781E+12,4.43613E+12,4.6649E+12,5.03958E+12,5.29113E+12,5.597E+12,5.8888E+12,6.15427E+12,6.20942E+12,6.52475E+12,6.72793E+12,6.97315E+12,7.14536E+12,7.34658E+12,7.51711E+12,7.90809E+12
Mexico,GDP,1.52012E+12,1.59525E+12,1.5888E+12,1.58817E+12,1.61114E+12,1.6743E+12,1.71294E+12,1.78994E+12,1.83096E+12,1.8519E+12,1.75401E+12,1.84378E+12,1.91132E+12,1.98094E+12,2.00776E+12,2.06406E+12,2.13193E+12,2.19422E+12
Marshall Islands,GDP,142542861.3,150939625.5,159035063.3,163195187.6,163472836.7,163666617.7,168438242.9,170858200.8,177099945.1,174186873.5,171337232.6,182394716.8,184595346.9,190978408.1,196440541.8,194953599.3,194242902.5,197953903.4
Middle income,GDP,2.31726E+13,2.44799E+13,2.53953E+13,2.65626E+13,2.81098E+13,3.0297E+13,3.24563E+13,3.50644E+13,3.80477E+13,4.01512E+13,4.12743E+13,4.43267E+13,4.69239E+13,4.93825E+13,5.19668E+13,5.44313E+13,5.67907E+13,5.95446E+13
North Macedonia,GDP,16778067898,17541324989,17003287536,17257259771,17640819912,18465430331,19337687973,20331069870,21647199006,22831734036,22749856046,23513967031,24064167064,23954453065,24655055318,25549945390,26535051717,27290887132
Mali,GDP,16054617320,16044850498,18511945131,19086983210,20827533225,21152442464,22534704376,23585314406,24409294915,25574443983,26771089019,28220329132,29134739169,28891120638,29556652104,31638432393,33524899739,35469343922
Malta,GDP,8988533991,9597075171,9655459337,9943464152,10196402868,10241614996,10629122093,10823498644,11254971865,11631620932,11345218121,11747143259,11904210433,12223596878,12778548795,13868874643,15347443881,16222958788
Myanmar,GDP,52943524419,60221104519,67052584851,75116002450,85515059494,97114887945,1.10292E+11,1.24714E+11,1.39669E+11,1.53993E+11,1.70239E+11,1.86641E+11,1.97077E+11,2.11528E+11,2.29351E+11,2.47678E+11,2.64998E+11,2.80533E+11
Middle East & North Africa (excluding high income),GDP,2.46976E+12,2.58454E+12,2.64383E+12,2.73186E+12,2.80327E+12,3.02462E+12,3.16134E+12,3.33716E+12,3.54105E+12,3.67058E+12,3.76622E+12,3.96458E+12,3.94214E+12,4.04136E+12,4.11256E+12,4.20488E+12,4.2517E+12,4.56677E+12
Montenegro,GDP,6100418359,6289531171,6358706121,6479771684,6640642342,6934560689,7224467039,7843345193,8377484827,8982572963,8462024518,8693405170,8974067443,8729634607,9039450554,9200685610,9512627576,9793187181
Mongolia,GDP,11033666102,11160118771,11489644775,12033447188,12876346190,14244510245,15277759362,16584960327,18284589774,19911985542,19659382304,20910733774,24526362242,27547965886,30757005344,33182264566,33971947980,34368873997
Northern Mariana Islands,GDP,,,,,,,,,,,,,,,,,,
Mozambique,GDP,9979536626,10147043446,11437845374,12443696083,13252611820,14287797994,15533789403,17064031613,18331217008,19591709151,20836168689,22229529463,23811739934,25525753223,27348721686,29384579519,31322194566,32500935070
Mauritania,GDP,7486088641,7453868047,7603601119,7654165383,8111750781,8577967455,9347361583,11111124525,11424217878,11547595680,11427260298,11972763100,12535969842,13262439094,14070155949,14855206470,15063179361,15364442948
Mauritius,GDP,12375465184,13390598828,13838854571,14062340816,14895597156,15540579468,15816819957,16586394388,17536299872,18480973780,19093632290,19929399378,20742028226,21467194083,22188578983,23019447136,23837344599,24752205831
Malawi,GDP,9698426688,9851281442,9361183752,9520323877,10063519231,10609012058,10955791576,11470713779,12571902302,13532362545,14659352621,15667046142,16427533196,16737323536,17607664359,18611301228,19132417662,19607674690
Malaysia,GDP,3.47385E+11,3.78159E+11,3.80117E+11,4.00609E+11,4.23798E+11,4.52546E+11,4.76677E+11,5.03299E+11,5.35E+11,5.6085E+11,5.52362E+11,5.93374E+11,6.24786E+11,6.58984E+11,6.89915E+11,7.31356E+11,7.68593E+11,8.01054E+11
North America,GDP,1.34702E+13,1.40378E+13,1.41873E+13,1.44492E+13,1.48498E+13,1.54052E+13,1.59424E+13,1.63948E+13,1.6705E+13,1.66979E+13,1.62688E+13,1.66928E+13,1.69736E+13,1.73482E+13,1.76747E+13,1.81143E+13,1.86027E+13,1.88871E+13
Namibia,GDP,11337932698,11733874105,11872093116,12440607441,12968063616,14559186405,14927426480,15983269512,16842217484,17288504578,17339673521,18386859675,19322996885,20301065543,21440913469,22802771245,24190633667,24462335333
New Caledonia,GDP,,,,,,,,,,,,,,,,,,
Niger,GDP,8675973515,8553684858,9161367765,9436128364,9936243167,9946179410,10393757484,10996595418,11342611034,12430106068,12341519507,13373791292,13679116082,15300066604,16106137592,17318775628,18069903460,18960014424
Nigeria,GDP,3.57415E+11,3.75343E+11,3.97554E+11,4.58496E+11,4.92182E+11,5.37712E+11,5.72333E+11,6.07013E+11,6.47022E+11,6.90789E+11,7.46308E+11,8.06054E+11,8.48839E+11,8.84746E+11,9.4377E+11,1.00332E+12,1.02993E+12,1.01328E+12
Nicaragua,GDP,16632889518,17315102476,17827775572,17962186106,18414964841,19393199175,20223693210,21063394946,22132647021,22893062123,22139270243,23115634004,24575775914,26172251873,27461783342,28775956054,30154976886,31530992923
Netherlands,GDP,6.42191E+11,6.69135E+11,6.84706E+11,6.86193E+11,6.87261E+11,7.00903E+11,7.15278E+11,7.40033E+11,7.67954E+11,7.84621E+11,7.5585E+11,7.65999E+11,7.77881E+11,7.69866E+11,7.68864E+11,7.79808E+11,7.95086E+11,8.12512E+11
Norway,GDP,2.52582E+11,2.60678E+11,2.66114E+11,2.6994E+11,2.72423E+11,2.83209E+11,2.90642E+11,2.97603E+11,3.06487E+11,3.0796E+11,3.02753E+11,3.04847E+11,3.0781E+11,3.16187E+11,3.19489E+11,3.258E+11,3.32218E+11,3.36163E+11
Nepal,GDP,34420267375,36554323948,38308892073,38354917592,39868033577,41734895411,43186927982,44640001747,46162922314,48981002139,51201349524,53667418823,55503825717,58157570335,60558825273,64185684030,66318513616,66708916446
Nauru,GDP,,,,,,,,,39848315.16,53563822.57,58202288.05,66089179.28,73811384.02,81256407.31,109058272.9,148890823.4,153071962.5,168991452.7
New Zealand,GDP,1.0535E+11,1.08408E+11,1.1217E+11,1.17419E+11,1.22777E+11,1.2773E+11,1.31973E+11,1.35726E+11,1.39815E+11,1.38405E+11,1.38109E+11,1.40235E+11,1.43508E+11,1.46703E+11,1.50481E+11,1.56072E+11,1.61667E+11,1.67561E+11
OECD members,GDP,3.64762E+13,3.79788E+13,3.84899E+13,3.91308E+13,3.99442E+13,4.12767E+13,4.24712E+13,4.38256E+13,4.49937E+13,4.51517E+13,4.36005E+13,4.49058E+13,4.58059E+13,4.64273E+13,4.71526E+13,4.81782E+13,4.94108E+13,5.03132E+13
Oman,GDP,94604482404,99714423106,1.04184E+11,1.03037E+11,1.00287E+11,1.01583E+11,1.04113E+11,1.09706E+11,1.14591E+11,1.23987E+11,1.31566E+11,1.37887E+11,1.36358E+11,1.49084E+11,1.55603E+11,1.59884E+11,1.67464E+11,1.75804E+11
Other small states,GDP,,2.89302E+11,3.02165E+11,3.16379E+11,3.30655E+11,3.63036E+11,3.85515E+11,4.29717E+11,4.72727E+11,5.09972E+11,5.21655E+11,5.66545E+11,6.11703E+11,6.35619E+11,6.55551E+11,6.74042E+11,6.92121E+11,7.07058E+11
Pakistan,GDP,4.64345E+11,4.84127E+11,4.93724E+11,5.09644E+11,5.34343E+11,5.73717E+11,6.17705E+11,6.55864E+11,6.87561E+11,6.99259E+11,7.1906E+11,7.30613E+11,7.50693E+11,7.7702E+11,8.11181E+11,8.49102E+11,8.89274E+11,9.38422E+11
Panama,GDP,31345638304,32196789666,32381687068,33103523256,34495690585,37090483909,39757764239,43197791117,48374608095,53142242505,53802796497,56938337065,63380187782,69578075466,74381239662,78149946078,82630097765,86733855833
Peru,GDP,1.65624E+11,1.70086E+11,1.71137E+11,1.8047E+11,1.87987E+11,1.97308E+11,2.09709E+11,2.25497E+11,2.44706E+11,2.67039E+11,2.69966E+11,2.9246E+11,3.10965E+11,3.30057E+11,3.49374E+11,3.57696E+11,3.69342E+11,3.83953E+11
Philippines,GDP,3.15527E+11,3.29445E+11,3.38979E+11,3.51338E+11,3.68801E+11,3.93502E+11,4.12302E+11,4.33919E+11,4.6263E+11,4.81842E+11,4.87375E+11,5.24573E+11,5.43771E+11,5.80115E+11,6.21095E+11,6.59263E+11,6.99258E+11,7.47395E+11
Palau,GDP,,235947900.3,251621931.2,261592700.8,253128408.2,265393842.5,277318665,271219658,273733412.8,259073990.2,243711249,244727199.5,257909673.7,267187243,261565753.4,274055130.5,302641747.9,304235365.4
Papua New Guinea,GDP,15686543372,15295188901,15276637580,15252362921,15582439689,16006465258,17022042813,17412607815,19345020800,19288092958,20600754567,22686516326,22937726619,24003968648,24923304150,28287950210,30975305480,32245293004
Poland,GDP,5.39067E+11,5.63646E+11,5.70679E+11,5.82331E+11,6.03076E+11,6.34047E+11,6.56199E+11,6.9675E+11,7.45764E+11,7.77457E+11,7.99382E+11,8.28216E+11,8.6977E+11,8.83755E+11,8.96056E+11,9.25791E+11,9.61331E+11,9.90773E+11
Pre-demographic dividend,GDP,1.29082E+12,1.32849E+12,1.39149E+12,1.4642E+12,1.4426E+12,1.6409E+12,1.749E+12,1.87582E+12,1.99404E+12,2.12877E+12,2.23718E+12,2.37948E+12,2.49094E+12,2.63591E+12,2.79543E+12,2.92469E+12,3.01565E+12,3.11671E+12
Puerto Rico,GDP,1.14405E+11,1.18148E+11,1.25608E+11,1.26759E+11,1.26827E+11,1.37922E+11,1.35182E+11,1.33277E+11,1.31727E+11,1.29298E+11,1.26773E+11,1.26249E+11,1.25797E+11,1.25833E+11,1.25447E+11,1.23954E+11,1.22653E+11,1.21104E+11
"Korea, Dem. People’s Rep.",GDP,,,,,,,,,,,,,,,,,,
Portugal,GDP,2.57769E+11,2.67532E+11,2.72731E+11,2.74828E+11,2.7226E+11,2.77193E+11,2.79318E+11,2.83656E+11,2.90725E+11,2.91304E+11,2.82629E+11,2.87995E+11,2.82734E+11,2.71344E+11,2.68278E+11,2.70674E+11,2.75606E+11,2.80913E+11
Paraguay,GDP,43507104255,42500288706,42145813043,42136791987,43957415524,45740951774,46716830710,48962563511,51617129053,54899524639,54757899549,60859975201,63445983129,63104318298,68416121315,71741753968,73951668310,77141133488
West Bank and Gaza,GDP,11786362735,10777899936,9774408671,8553664028,9752534073,10761245487,11923326788,11458245744,12213412113,12955901260,14078210745,15218417600,17107576520,18182656963,18585843282,18552037306,19188136993,20091598000
Pacific island small states,GDP,8941493831,8845602596,8972642349,9180894493,9351813160,9750541983,9938976054,10165261546,10253966486,10434730890,10275347213,10577919736,11000142955,11187533861,11535106916,12033882521,12505953089,12912847221
Post-demographic dividend,GDP,3.38905E+13,3.52593E+13,3.5832E+13,3.64267E+13,3.71832E+13,3.83927E+13,3.94618E+13,4.06636E+13,4.17298E+13,4.18614E+13,4.03968E+13,4.1549E+13,4.22369E+13,4.27078E+13,4.32763E+13,4.40996E+13,4.50167E+13,4.57698E+13
French Polynesia,GDP,,,,,,,,,,,,,,,,,,
Qatar,GDP,,64156673602,66657620467,71445071915,74102799038,88344553238,94963997266,1.19816E+11,1.41366E+11,1.66336E+11,1.86224E+11,2.2271E+11,2.52498E+11,2.64333E+11,2.75991E+11,2.86972E+11,2.97468E+11,3.03808E+11
Romania,GDP,2.28222E+11,2.33839E+11,2.46041E+11,2.60073E+11,2.66162E+11,2.93917E+11,3.07638E+11,3.32337E+11,3.56378E+11,3.89548E+11,3.68055E+11,3.53696E+11,3.60795E+11,3.6829E+11,3.81233E+11,3.94237E+11,4.095E+11,4.29159E+11
Russian Federation,GDP,1.89025E+12,2.07928E+12,2.18533E+12,2.28804E+12,2.45506E+12,2.63182E+12,2.80026E+12,3.02988E+12,3.28742E+12,3.45837E+12,3.18862E+12,3.3321E+12,3.47538E+12,3.60398E+12,3.66885E+12,3.69453E+12,3.60927E+12,3.62115E+12
Rwanda,GDP,5881358097,6373681316,6914458835,7826618752,7998990358,8594731116,9400734316,10268148671,11056903184,12291655581,13060578172,14018988843,15110215757,16442985309,17218033760,18530835787,20174146112,21380825321
South Asia,GDP,3.58477E+12,3.73042E+12,3.89024E+12,4.03441E+12,4.32565E+12,4.65295E+12,5.01279E+12,5.39859E+12,5.79093E+12,5.97557E+12,6.3965E+12,6.88013E+12,7.22946E+12,7.62344E+12,8.08523E+12,8.64729E+12,9.29029E+12,1.00032E+13
Saudi Arabia,GDP,8.46718E+11,8.94349E+11,8.83521E+11,8.58613E+11,9.55139E+11,1.03115E+12,1.08863E+12,1.11898E+12,1.13965E+12,1.21088E+12,1.18594E+12,1.24571E+12,1.37024E+12,1.44439E+12,1.48338E+12,1.53756E+12,1.6007E+12,1.62744E+12
Sudan,GDP,73002165107,77634785973,82681326874,87995482217,94801573496,98483009912,1.05859E+11,1.16513E+11,1.29938E+11,1.40075E+11,1.44616E+11,1.49634E+11,1.46689E+11,1.47454E+11,1.53934E+11,1.58059E+11,1.65813E+11,1.73607E+11
Senegal,GDP,22954886029,23689210087,24774393006,24936616635,26603187625,28165000172,29748607403,30480890273,31986184493,33283664316,33980134007,35190759665,35703977717,37531091015,38590258055,41142260663,43761896779,46543576582
Singapore,GDP,1.93404E+11,2.10887E+11,2.08632E+11,2.16799E+11,2.26633E+11,2.48887E+11,2.67203E+11,2.91265E+11,3.17543E+11,3.23476E+11,3.23867E+11,3.70911E+11,3.94138E+11,4.11675E+11,4.31497E+11,4.48328E+11,4.61296E+11,4.74961E+11
Solomon Islands,GDP,874348670.4,749601122.2,689793713.7,670479472.3,714060650.3,749037989.7,789644786.5,844498646.1,906315957.6,970721218.8,924725083.6,987690030.3,1118021979,1168952288,1204229508,1231325764,1262629023,1306273137
Sierra Leone,GDP,3906161802,4166028118,3901674672,4932392422,5391752095,5747496926,6006427161,6260133495,6764584139,7129755684,7357055947,7750398446,8239839598,9490793019,11456883709,11978947820,9511431824,10087394108
El Salvador,GDP,32677392142,33045358220,33335271391,33862256117,34391262807,34697615379,35637042132,37184721587,37876572762,38682292713,37876388063,38840628470,40322498611,41457370267,42384206923,43109515041,44142000583,45248842942
San Marino,GDP,2030073164,2074953190,2190145256,2197625260,2282897309,2387617369,2444465402,2538713456,2719729560,2764609585,2410057382,2297857318,2080937193,1923857103,1865513070,1848723452,1859815793,1900731740
Somalia,GDP,,,,,,,,,,,,,,,,,,
Serbia,GDP,55363791564,59659587317,62638219904,67095422894,70057963630,76395769459,80628418112,88451594478,94147462262,99472042131,96754710988,97462032862,99446628579,98768857905,1.01626E+11,1.00011E+11,1.01787E+11,1.05187E+11
Sub-Saharan Africa (excluding high income),GDP,1.59987E+12,1.65568E+12,1.73004E+12,1.8416E+12,1.92305E+12,2.05148E+12,2.18019E+12,2.31548E+12,2.47018E+12,2.60691E+12,2.69891E+12,2.85699E+12,2.98913E+12,3.11064E+12,3.27571E+12,3.43785E+12,3.54413E+12,3.59869E+12
South Sudan,GDP,,,,,,,,,,34431181839,36167078723,38153886955,36383425753,19617170974,22192852780,22941746347,20465917016,18176991037
Sub-Saharan Africa,GDP,1.60135E+12,1.65718E+12,1.7315E+12,1.84309E+12,1.92445E+12,2.05283E+12,2.18166E+12,2.31709E+12,2.47196E+12,2.60866E+12,2.70063E+12,2.85882E+12,2.9911E+12,3.11263E+12,3.27782E+12,3.44006E+12,3.54645E+12,3.60111E+12
Small states,GDP,,3.72893E+11,3.87561E+11,4.0502E+11,4.24793E+11,4.61294E+11,4.87305E+11,5.38507E+11,5.85002E+11,6.24021E+11,6.31912E+11,6.78687E+11,7.25454E+11,7.50856E+11,7.72609E+11,7.9193E+11,8.1176E+11,8.24541E+11
Sao Tome and Principe,GDP,,,285733747.1,292525288.2,311754358.2,323701493.1,346664134,378264811.1,390572053.6,422544953,432797082.3,461673240.1,481978560.4,497122210.3,521057622.6,555186548.3,576274748.3,600319107.5
Suriname,GDP,4520986779,4615927441,4809796396,4944470737,5255972349,5702730013,5959352903,6304995349,6626483631,6901439135,7109679544,7476911397,7914263444,8127184835,8365591025,8386965373,8100877945,7650372453
Slovak Republic,GDP,83086541197,84092032398,86880917907,90810361318,95731116836,1.00765E+11,1.07568E+11,1.16661E+11,1.2926E+11,1.36537E+11,1.29133E+11,1.35643E+11,1.39467E+11,1.41778E+11,1.43892E+11,1.47849E+11,1.54022E+11,1.58836E+11
Slovenia,GDP,43391872631,45194993242,46527958796,48312913334,49686006435,51848239847,53923728706,56973654376,60928563588,62939285575,58031735404,58750026638,59131529881,57552965172,56901433963,58580347846,59930563843,61769285717
Sweden,GDP,3.12564E+11,3.27397E+11,3.32549E+11,3.3945E+11,3.4746E+11,3.62439E+11,3.72647E+11,3.9016E+11,4.03457E+11,4.0121E+11,3.80363E+11,4.03154E+11,4.13956E+11,4.1272E+11,4.17831E+11,4.28703E+11,4.47808E+11,4.59827E+11
Eswatini,GDP,6090983229,6198195118,6263571505,6537922143,6791607486,7037729516,7459907184,7906917269,8257618746,8325468619,8455766270,8776557323,8973786732,9397162865,10000558810,10193670603,10233540991,10563314026
Sint Maarten (Dutch part),GDP,,,,,,,,,,,1125583692,1161602370,1215036079,1231931723,1248029719,1267753389,1274207089,1279718115
Seychelles,GDP,1474785992,1497119249,1463117234,1480862377,1393682121,1353955858,1475889892,1614713983,1782990369,1744711479,1725428129,1828176727,1972370137,1997238348,2117433686,2212819526,2322074959,2426638753
Syrian Arab Republic,GDP,,,,,,,,,,,,,,,,,,
Turks and Caicos Islands,GDP,,,,,,,,,,,,,662387625.6,645629218.7,654444129,698315997.7,739804842.4,772354048.7
Chad,GDP,8359222117,8285687626,9251644247,10037220772,11514866991,15387244430,18054243761,18171282566,18765755998,19338616642,20154260616,22885183257,22904148163,24938626547,26360128600,28178973531,28958876130,27147345790
East Asia & Pacific (IDA & IBRD countries),GDP,6.99339E+12,7.50758E+12,7.9946E+12,8.60681E+12,9.33981E+12,1.01566E+13,1.11153E+13,1.22752E+13,1.37204E+13,1.48479E+13,1.5948E+13,1.74784E+13,1.89212E+13,2.0329E+13,2.17717E+13,2.32191E+13,2.47128E+13,2.62698E+13
Europe & Central Asia (IDA & IBRD countries),GDP,4.33364E+12,4.66121E+12,4.80242E+12,5.04328E+12,5.36374E+12,5.78929E+12,6.17463E+12,6.67328E+12,7.19303E+12,7.52301E+12,7.14322E+12,7.47762E+12,7.89358E+12,8.15561E+12,8.4366E+12,8.61486E+12,8.68354E+12,8.84156E+12
Togo,GDP,6131968193,6083925473,5984951792,5929761498,6223545463,6355426456,6430446352,6691034567,6844289628,7122321977,7516749828,7975215880,8485486067,9040734444,9593335150,10161317055,10744868126,11273339040
Thailand,GDP,5.53847E+11,5.78525E+11,5.98451E+11,6.35249E+11,6.80919E+11,7.23744E+11,7.54053E+11,7.91514E+11,8.34533E+11,8.48935E+11,8.43071E+11,9.06416E+11,9.14029E+11,9.80231E+11,1.00657E+12,1.01648E+12,1.04834E+12,1.08352E+12
Tajikistan,GDP,6801545486,7367728203,8073618172,8948628163,9926579753,10956003175,11683952205,12507490778,13478089485,14544277734,15110460451,16095765337,17286955073,18581086820,19956102343,21294352214,22573778195,24125265798
Turkmenistan,GDP,22836013430,24084929649,25131141834,25195774085,26019380745,27320455794,30881413529,34270126251,38060162142,43655005977,46317961392,50579213834,58014358232,64453951973,71028255140,78344165398,83436536078,88609601287
Latin America & the Caribbean (IDA & IBRD countries),GDP,5.58556E+12,5.7904E+12,5.82319E+12,5.83327E+12,5.94383E+12,6.30521E+12,6.57955E+12,6.93711E+12,7.32253E+12,7.61076E+12,7.45415E+12,7.90726E+12,8.27201E+12,8.51106E+12,8.75645E+12,8.86847E+12,8.92068E+12,8.92741E+12
Timor-Leste,GDP,,2887065353,3152752785,2936261967,2901544429,4760891389,6469104409,9165251859,9647839584,10605215802,9964487794,9847697775,10976037966,11527377780,10249427336,7594090559,9160417387,9225155354
Middle East & North Africa (IDA & IBRD countries),GDP,2.4582E+12,2.57407E+12,2.63443E+12,2.72376E+12,2.79394E+12,3.0143E+12,3.14985E+12,3.32621E+12,3.52937E+12,3.65817E+12,3.75266E+12,3.94989E+12,3.92546E+12,4.02358E+12,4.09438E+12,4.18677E+12,4.23293E+12,4.54716E+12
Tonga,GDP,436633825.3,451347685.3,467604275,483591088.4,493788001.4,492052731.5,499837834.3,495778040.8,475125039.6,489851634.6,501072238.4,519038972,533494964.6,538244790.7,521448304.1,532255879.5,552012402.7,570667517
South Asia (IDA & IBRD),GDP,3.58477E+12,3.73042E+12,3.89024E+12,4.03441E+12,4.32565E+12,4.65295E+12,5.01279E+12,5.39859E+12,5.79093E+12,5.97557E+12,6.3965E+12,6.88013E+12,7.22946E+12,7.62344E+12,8.08523E+12,8.64729E+12,9.29029E+12,1.00032E+13
Sub-Saharan Africa (IDA & IBRD countries),GDP,1.60135E+12,1.65718E+12,1.7315E+12,1.84309E+12,1.92445E+12,2.05283E+12,2.18166E+12,2.31709E+12,2.47196E+12,2.60866E+12,2.70063E+12,2.85882E+12,2.9911E+12,3.11263E+12,3.27782E+12,3.44006E+12,3.54645E+12,3.60111E+12
Trinidad and Tobago,GDP,21734509257,23234485897,24203021013,26123944527,29896500623,32273287822,34277116215,38804457813,40649303110,42028020596,40182263723,41517610641,41395401723,41931049498,42772187414,42357432290,43110499085,40304347470
Tunisia,GDP,70156746972,73461031497,76249747294,77258198710,80891197374,85935405701,88931574399,93595319741,99875210401,1.04108E+11,1.07276E+11,1.11042E+11,1.08913E+11,1.13267E+11,1.16524E+11,1.19987E+11,1.2142E+11,1.22953E+11
Turkey,GDP,8.22053E+11,8.76638E+11,8.2437E+11,8.77379E+11,9.26585E+11,1.01595E+12,1.10748E+12,1.18622E+12,1.24589E+12,1.25643E+12,1.19732E+12,1.29894E+12,1.4433E+12,1.51243E+12,1.64085E+12,1.72563E+12,1.83065E+12,1.88894E+12
Tuvalu,GDP,28949912.95,28668925.14,29137406.24,31435232.9,30387327.93,29976436.22,28843407.88,29460350.58,31331249.26,33832504.63,32332759.98,31450260.6,33814047.79,32517025.85,34005272.8,34463668.19,37614644.81,38756145.15
Tanzania,GDP,48724666098,50927403316,54019108338,57850789021,61711050586,66341733447,71301653241,75959235086,81100562652,85712278720,90228548896,95945902035,1.03307E+11,1.07956E+11,1.15277E+11,1.23038E+11,1.30618E+11,1.39588E+11
Uganda,GDP,24467179881,25235916001,26544060369,28862069750,30730386182,32822275277,34900767232,38664725767,41917367197,45567846709,48667151708,51410810957,56239143509,58397295674,60491951675,63580856634,66879342376,70076843930
Ukraine,GDP,2.22772E+11,2.35915E+11,2.57628E+11,2.71152E+11,2.96955E+11,3.32912E+11,3.42891E+11,3.68401E+11,3.96376E+11,4.05508E+11,3.45661E+11,3.58915E+11,3.78532E+11,3.79435E+11,3.79334E+11,3.54478E+11,3.19835E+11,3.27642E+11
Upper middle income,GDP,1.60364E+13,1.70289E+13,1.76116E+13,1.84314E+13,1.94738E+13,2.10545E+13,2.25946E+13,2.4508E+13,2.67475E+13,2.83454E+13,2.88596E+13,3.10617E+13,3.30018E+13,3.47453E+13,3.65029E+13,3.80754E+13,3.94752E+13,4.11987E+13
Uruguay,GDP,43601731262,42760248091,41116488580,37937358718,38242862166,40156596317,43152331452,44920963140,47859472817,51293937821,53470593086,57643122516,60618737181,62763536432,65674219688,67801270547,68052637836,69202590060
United States,GDP,1.23732E+13,1.28839E+13,1.30125E+13,1.32392E+13,1.3618E+13,1.41353E+13,1.46319E+13,1.50496E+13,1.5332E+13,1.5311E+13,1.49226E+13,1.53052E+13,1.55426E+13,1.58922E+13,1.6185E+13,1.65818E+13,1.70595E+13,1.73269E+13
Uzbekistan,GDP,59813399382,62107243249,64693288396,67263868573,70110897494,75333458671,80569139474,86572683215,94773718088,1.03331E+11,1.1165E+11,1.21117E+11,1.31147E+11,1.41875E+11,1.53261E+11,1.64265E+11,1.765E+11,1.87256E+11
St. Vincent and the Grenadines,GDP,801997822.9,815144001.9,829076961.6,881488285.2,949272894.2,988727374.3,1013326959,1091235194,1127710386,1145578639,1121532241,1083921367,1079375927,1094297440,1114357766,1127882411,1143014521,1165594270
"Venezuela, RB",GDP,3.40402E+11,3.52952E+11,3.64932E+11,3.32615E+11,3.0682E+11,3.62927E+11,4.00373E+11,4.39898E+11,4.78405E+11,5.03655E+11,4.87526E+11,4.80268E+11,5.00326E+11,5.28474E+11,5.35572E+11,5.14715E+11,,
British Virgin Islands,GDP,,,,,,,,,,,,,,,,,,
Virgin Islands (U.S.),GDP,,,,,,,,,,,,,,,,,,
Vietnam,GDP,1.92626E+11,2.057E+11,2.18439E+11,2.32246E+11,2.48269E+11,2.66979E+11,2.87129E+11,3.07165E+11,3.29064E+11,3.47695E+11,3.66463E+11,3.90002E+11,4.14339E+11,4.36081E+11,4.59725E+11,4.87233E+11,5.19777E+11,5.52059E+11
Vanuatu,GDP,493209429.1,522417511.1,504192935.7,478422532.8,498963275,518845738.2,546359361.4,592609554.7,623268288.6,663459877.3,685439081,696605442.9,705126498.6,717499705.3,731628322.6,748682624.3,742684971.4,772396636.9
World,GDP,6.06827E+13,6.35609E+13,6.50758E+13,6.68959E+13,6.94203E+13,7.30864E+13,7.65471E+13,8.06173E+13,8.49078E+13,8.73369E+13,8.7027E+13,9.15309E+13,9.51481E+13,9.83154E+13,1.0168E+14,1.05251E+14,1.08829E+14,1.12501E+14
Samoa,GDP,706455137.2,755333286.7,807751648.1,842840344.1,880898624,921640202.6,959948104.8,978847639.2,1040736669,1051238604,1000692190,1005487094,1063589611,1067866343,1047215317,1061842380,1077250399,1154483021
Kosovo,GDP,,7864758873,9986192470,9916194425,10509197289,10783710843,11434316894,11949207815,12819837012,13158898453,13598624827,14048681493,14724783186,15151116985,15670986658,15858736200,16508064944,17177727573
"Yemen, Rep.",GDP,65548837262,69601011054,72248387038,75091528326,77905506896,81000456165,85529797613,88241442322,91187319301,94513440121,98167546639,1.05729E+11,92285415712,94493796675,99051722974,98864822047,82375689153,71154918891
South Africa,GDP,4.18632E+11,4.36214E+11,4.47992E+11,4.6457E+11,4.7827E+11,5.00053E+11,5.26441E+11,5.55942E+11,5.85743E+11,6.04435E+11,5.95138E+11,6.13228E+11,6.33368E+11,6.47387E+11,6.63475E+11,6.7573E+11,6.83796E+11,6.86525E+11
Zambia,GDP,21316218637,22146980517,23324506297,24375511882,26068384840,27901616662,29920465760,32285287950,34981896043,37701352195,41177548222,45418096902,47945443548,51588154703,54198193616,56743246685,58400082027,60594276947
Zimbabwe,GDP,36107342719,35002750587,35506655569,32348685232,26851002014,25291619854,23847194280,23021724797,22180665941,18261575990,20456537060,24481426830,27956299245,32615336382,33264216139,34054883048,34661016615,34923008582